PRAGMA foreign_keys=OFF;
BEGIN TRANSACTION;
CREATE TABLE Cashier( CashierID TEXT UNIQUE PRIMARY KEY, CashierName TEXT NOT NULL);
INSERT INTO Cashier VALUES('C003','Vijay');
INSERT INTO Cashier VALUES('C033','Vinod');
INSERT INTO Cashier VALUES('C520','Sita');
INSERT INTO Cashier VALUES('C201','John');
INSERT INTO Cashier VALUES('C4055','Xavier');
INSERT INTO Cashier VALUES('C9050','Wasim');
INSERT INTO Cashier VALUES('C00034','Maya');
INSERT INTO Cashier VALUES('C60238','Anand');
INSERT INTO Cashier VALUES('C7578','Uday');
INSERT INTO Cashier VALUES('C0770','David');
CREATE TABLE Supplier( SupplierID TEXT UNIQUE PRIMARY KEY, SupplierName TEXT NOT NULL);
INSERT INTO Supplier VALUES('S342','Bindu');
INSERT INTO Supplier VALUES('S6633','Mahesh');
INSERT INTO Supplier VALUES('S0213','Jahnavi');
INSERT INTO Supplier VALUES('S1377','Kiran');
INSERT INTO Supplier VALUES('S712','Govind');
INSERT INTO Supplier VALUES('S224','Trisha');
INSERT INTO Supplier VALUES('S310','Latha');
INSERT INTO Supplier VALUES('S2160','Pavan');
INSERT INTO Supplier VALUES('S0324','Ishanth');
INSERT INTO Supplier VALUES('S274','Jaswanth');
CREATE TABLE Customer( CustomerID TEXT UNIQUE PRIMARY KEY, CustomerName TEXT NOT NULL);
INSERT INTO Customer VALUES('C3001','Hari');
INSERT INTO Customer VALUES('C743','Rita');
INSERT INTO Customer VALUES('C313','Gowri');
INSERT INTO Customer VALUES('C0021','Eswar');
INSERT INTO Customer VALUES('C5320','Yash');
INSERT INTO Customer VALUES('C0981','Philip');
INSERT INTO Customer VALUES('C0913','Satish');
INSERT INTO Customer VALUES('C3014','Sahithya');
INSERT INTO Customer VALUES('C0473','Mounika');
CREATE TABLE Item( ItemID TEXT UNIQUE PRIMARY KEY, Description TEXT NOT NULL, UnitPrice INTEGER, StockQty INTEGER DEFAULT 0, SupplierID TEXT, CHECK( StockQty > 0 ), FOREIGN KEY( SupplierID ) REFERENCES Supplier( SupplierID ));
INSERT INTO Item VALUES('I0413','Purse',700,30,'S342');
INSERT INTO Item VALUES('I1373','Shirt',350,57,'S310');
INSERT INTO Item VALUES('I3103','Pen',10,230,'S712');
INSERT INTO Item VALUES('I5234','Bag',1000,164,'S2160');
INSERT INTO Item VALUES('I4140','Bottle',200,44,'S712');
INSERT INTO Item VALUES('I684','Plate',120,80,'S2160');
INSERT INTO Item VALUES('I7309','Perfume',50,1,'S2160');
INSERT INTO Item VALUES('I0019','Book',90,79,'S1377');
INSERT INTO Item VALUES('I0901','SweetBox',210,21,'S274');
INSERT INTO Item VALUES('I5335','OilPaints',160,59,'S342');
CREATE TABLE BillHeader (
    BillNumber TEXT PRIMARY KEY,
    BillDate DATE,
    CashierID TEXT,
    CustomerID TEXT,
    FOREIGN KEY (CashierID)  REFERENCES Cashier (CashierID),
    FOREIGN KEY (CustomerID) REFERENCES Customer (CustomerID)
);
INSERT INTO BillHeader VALUES('B245','2025-11-03','C003','C0981');
INSERT INTO BillHeader VALUES('B310','2021-01-31','C7578','C3014');
INSERT INTO BillHeader VALUES('B833','2025-11-10','C60238','C3014');
INSERT INTO BillHeader VALUES('B756','2025-11-10','C4055','C743');
INSERT INTO BillHeader VALUES('B922','2024-09-11','C7578','C743');
INSERT INTO BillHeader VALUES('B534','2023-05-31','C9050','C3001');
INSERT INTO BillHeader VALUES('B331','2024-09-04','C520','C0981');
INSERT INTO BillHeader VALUES('B004','2021-01-16','C003','C0021');
INSERT INTO BillHeader VALUES('B144','2024-05-04','C201','C5320');
INSERT INTO BillHeader VALUES('B032','2022-12-14','C0034','C0021');
CREATE TABLE BillDetail( BillNumber TEXT, ItemID TEXT, SolQty INTEGER DEFAULT 1, PRIMARY KEY(BillNumber, ItemID),FOREIGN KEY (BillNumber) REFERENCES BillHeader(BillNumber), FOREIGN KEY(ItemID) REFERENCES Item(ItemID));
INSERT INTO BillDetail VALUES('B144','I0019',15);
INSERT INTO BillDetail VALUES('B144','I3103',20);
INSERT INTO BillDetail VALUES('B756','I0413',1);
INSERT INTO BillDetail VALUES('B922','I0901',3);
INSERT INTO BillDetail VALUES('B833','I4140',5);
INSERT INTO BillDetail VALUES('B310','I5234',1);
INSERT INTO BillDetail VALUES('B310','I3103',15);
INSERT INTO BillDetail VALUES('B534','I684',5);
INSERT INTO BillDetail VALUES('B032','I4140',2);
INSERT INTO BillDetail VALUES('B245','I1313',4);
COMMIT;
